COD_MOD,CODGEO,total_matriculados_2025
0216689,40811,1
0218651,40104,236
0218669,40108,54
0218685,40108,513
0218693,40108,106
0218701,40108,592
0218719,40108,179
0218727,40108,5
0218735,40108,110
0218743,40108,172
0218750,40108,70
0218768,40120,21
0218784,40118,58
0218792,40121,460
0218800,40117,199
0218818,40117,203
0218826,40123,7
0218834,40117,60
0218842,40117,245
0218875,40103,212
0218883,40123,390
0218891,40123,374
0218917,40123,380
0218925,40123,71
0218933,40117,47
0218941,40124,167
0218974,40124,254
0218982,40124,354
0218990,40108,323
0219014,40108,104
0219048,40126,130
0219055,40126,4
0219071,40128,11
0219089,40128,41
0219097,40128,32
0219105,40104,588
0219113,40118,34
0219121,40517,9
0219147,40108,92
0219154,40120,2
0219162,40120,3
0219170,40120,5
0219188,40108,38
0219220,40125,8
0219238,40125,8
0219287,40129,266
0219295,40129,301
0219303,40105,343
0219345,40106,57
0219360,40109,231
0219386,40109,113
0219402,40110,166
0219410,40109,536
0219428,40109,115
0219436,40118,46
0219469,40109,162
0219477,40410,163
0219501,40101,194
0219519,40110,351
0219550,40110,128
0219584,40110,154
0219634,40110,224
0219642,40110,254
0219659,40110,239
0219667,40110,434
0219675,40111,99
0219683,40112,95
0219691,40112,164
0219709,40112,366
0219717,40112,306
0219733,40129,143
0219741,40801,345
0219766,40508,2
0219782,40129,66
0219808,40112,545
0219816,40129,347
0219832,40112,126
0219840,40112,154
0219857,40112,246
0219865,40112,114
0219873,40112,235
0219899,40112,41
0219907,40112,106
0219923,40120,4
0219931,40113,3
0219949,40113,3
0219956,40114,46
0219964,40114,5
0219972,40115,34
0219980,40116,372
0219998,40203,652
0220004,40116,31
0220020,40122,206
0220046,40122,470
0220053,40107,294
0220087,40122,184
0220095,40122,512
0220103,40107,386
0220111,40107,810
0220129,40122,337
0220137,40127,398
0220152,40119,14
0220178,40113,6
0220194,40114,7
0220202,40119,9
0220210,40119,36
0220228,40119,4
0220244,40112,84
0220251,40122,154
0220285,40806,36
0220293,40127,64
0220301,40201,205
0226282,40103,153
0226423,40101,471
0226431,40101,270
0226464,40124,46
0226480,40101,105
0226498,40112,186
0226506,40112,172
0226555,40101,156
0226605,40101,274
0226647,40102,134
0226654,40101,168
0226688,40102,259
0226704,40505,41
0226746,40102,441
0226753,40104,618
0226761,40108,353
0226779,40129,667
0226795,40126,164
0226829,40101,71
0226837,40107,357
0226852,40103,209
0226860,40103,218
0226886,40126,397
0226894,40103,368
0226928,40103,274
0226936,40104,407
0226944,40104,398
0226951,40104,372
0226977,40104,130
0286641,40810,4
0286658,40811,1
0286674,40811,1
0286690,40811,3
0287409,40409,22
0287417,40811,4
0287425,40806,35
0287466,40505,5
0287482,40101,146
0287490,40101,94
0287508,40129,150
0287524,40101,349
0287565,40101,220
0287573,40101,257
0287599,40110,186
0287623,40101,209
0287656,40104,259
0287664,40104,688
0287698,40109,335
0287706,40109,431
0287730,40102,196
0287755,40110,159
0287763,40129,185
0287789,40201,488
0287813,40702,357
0287821,40706,238
0307066,40117,194
0307074,40109,413
0307090,40107,387
0307116,40109,209
0307124,40112,143
0307132,40101,624
0307140,40101,420
0307157,40112,136
0307165,40112,232
0307173,40112,289
0307215,40102,126
0307223,40102,283
0307231,40102,203
0307249,40102,232
0307256,40301,233
0307280,40101,365
0307298,40302,188
0307322,40101,449
0307330,40101,175
0307363,40101,147
0307371,40126,537
0307389,40701,171
0307397,40701,53
0307413,40101,502
0307421,40117,504
0307447,40101,590
0307454,40101,114
0307462,40101,363
0307512,40112,430
0307520,40110,50
0307553,40103,390
0307561,40101,203
0307579,40101,19
0307587,40101,44
0307595,40126,262
0307603,40104,324
0307629,40129,404
0307637,40101,459
0307710,40101,631
0307751,40409,146
0307777,40302,28
0307819,40606,201
0307835,40702,107
0307850,40206,90
0307876,40302,5
0309187,40109,1000
0309195,40701,603
0309211,40101,175
0309229,40101,1280
0309237,40201,1059
0309245,40401,312
0309252,40102,561
0309260,40103,1193
0309286,40601,241
0309294,40801,371
0309302,40101,833
0309310,40104,495
0309328,40701,344
0309336,40109,363
0309344,40101,493
0309351,40208,527
0309377,40101,808
0309385,40101,607
0309401,40103,419
0309419,40601,169
0309435,40104,654
0309443,40105,432
0309450,40127,271
0309468,40122,957
0309476,40702,349
0309484,40706,458
0309492,40107,956
0309500,40123,424
0309518,40112,159
0309526,40110,455
0309534,40301,377
0309542,40108,850
0309559,40503,94
0309567,40501,534
0309583,40307,870
0309591,40302,272
0309633,40101,230
0309641,40101,392
0309682,40102,248
0309716,40303,488
0309724,40125,265
0309740,40704,319
0309757,40206,163
0309906,40101,440
0309914,40101,345
0309922,40701,246
0309930,40101,400
0309955,40101,590
0309989,40101,729
0309997,40103,334
0310003,40101,337
0310037,40101,305
0310045,40701,83
0310052,40101,100
0310060,40101,297
0310102,40101,13
0310110,40101,64
0310128,40126,280
0310136,40101,470
0310144,40104,261
0310151,40126,444
0310169,40703,252
0310177,40117,360
0310185,40112,103
0310193,40101,365
0310201,40101,475
0310219,40129,446
0310268,40301,568
0310292,40601,186
0310417,40208,411
0310425,40413,320
0310433,40410,156
0310441,40122,425
0310466,40101,448
0311126,40201,357
0311134,40201,4
0311142,40201,15
0311167,40202,14
0311175,40202,57
0311183,40202,115
0311191,40203,227
0311209,40204,44
0311217,40204,383
0311225,40205,106
0311241,40205,301
0311258,40206,154
0311274,40206,22
0311290,40207,107
0311308,40208,30
0311316,40208,19
0311332,40206,14
0311340,40205,8
0311365,40205,71
0311407,40206,3
0311456,40302,398
0311480,40302,12
0311498,40303,41
0311506,40303,401
0311514,40305,205
0311530,40306,8
0311548,40306,15
0311555,40307,1051
0311571,40308,41
0311597,40308,212
0311613,40312,153
0311621,40313,257
0311688,40302,6
0311696,40302,6
0311712,40304,9
0311738,40306,2
0311761,40309,4
0311779,40309,5
0311787,40309,47
0311803,40311,176
0311811,40112,218
0311837,40312,8
0311845,40312,16
0311852,40312,17
0311860,40312,17
0311878,40305,25
0311886,40401,172
0311902,40401,30
0311910,40401,5
0311928,40401,45
0311944,40401,55
0311951,40402,86
0311969,40112,166
0311977,40403,13
0311985,40404,45
0311993,40406,3
0312009,40406,11
0312017,40407,65
0312033,40408,22
0312041,40408,2
0312058,40409,305
0312074,40108,227
0312082,40410,9
0312090,40410,4
0312108,40411,27
0312116,40412,3
0312124,40413,228
0312140,40413,37
0312157,40413,12
0312165,40413,31
0312173,40414,77
0312181,40408,2
0312199,40414,4
0312207,40414,4
0312223,40401,6
0312231,40401,46
0312249,40401,18
0312256,40401,2
0312264,40401,11
0312272,40401,8
0312298,40402,6
0312306,40404,41
0312314,40404,8
0312322,40405,6
0312330,40405,65
0312348,40108,96
0312363,40406,5
0312389,40413,7
0312421,40409,10
0312470,40411,5
0312488,40411,2
0312496,40413,7
0312504,40413,4
0312520,40414,3
0312546,40414,2
0312553,40501,431
0312561,40501,290
0312579,40502,64
0312587,40503,67
0312603,40503,28
0312611,40504,94
0312629,40505,255
0312637,40506,61
0312645,40507,38
0312652,40508,68
0312660,40509,33
0312678,40510,67
0312686,40511,33
0312694,40511,8
0312702,40512,42
0312710,40513,29
0312728,40514,73
0312736,40515,50
0312744,40516,7
0312751,40517,22
0312769,40518,50
0312777,40519,146
0312793,40519,28
0312801,40501,8
0312835,40504,1
0312850,40504,2
0312868,40505,2
0312876,40504,7
0312884,40508,2
0312926,40511,8
0312983,40516,7
0312991,40516,3
0313015,40517,31
0313056,40601,87
0313064,40608,68
0313072,40601,4
0313080,40601,123
0313106,40602,25
0313122,40604,26
0313148,40605,20
0313163,40607,17
0313171,40516,12
0313189,40608,46
0313197,40608,160
0313205,40401,260
0313239,40605,21
0313247,40603,19
0313254,40604,1
0313262,40606,291
0313270,40606,68
0313288,40608,15
0313296,40601,2
0313312,40601,3
0313320,40601,4
0313338,40601,1
0313346,40601,3
0313361,40602,4
0313379,40602,2
0313387,40603,129
0313395,40603,45
0313411,40604,1
0313429,40604,1
0313445,40604,1
0313460,40605,2
0313478,40606,16
0313494,40607,4
0313502,40607,1
0313528,40701,405
0313536,40701,249
0313544,40701,232
0313569,40701,164
0313577,40701,50
0313593,40704,362
0313619,40408,3
0313627,40702,249
0313635,40702,3
0313643,40703,251
0313650,40703,154
0313668,40310,20
0313676,40706,181
0313684,40306,4
0313692,40706,151
0313718,40705,148
0313759,40702,20
0313767,40702,3
0313775,40702,9
0313791,40702,4
0313809,40703,3
0313817,40703,72
0313825,40706,17
0313833,40801,17
0313841,40801,10
0313858,40801,9
0313866,40802,79
0313882,40802,78
0313890,40802,29
0313908,40802,17
0313916,40803,50
0313932,40804,56
0313957,40804,16
0313965,40804,19
0313973,40804,2
0313981,40805,31
0313999,40805,7
0314005,40805,5
0314013,40806,103
0314021,40808,15
0314039,40808,1
0314047,40808,9
0314054,40809,42
0314070,40810,79
0314096,40810,1
0314104,40811,9
0314120,40811,2
0314138,40801,5
0314146,40801,9
0314161,40802,2
0314179,40803,6
0314187,40804,63
0314195,40804,3
0314211,40804,6
0314229,40805,6
0314237,40805,32
0314245,40806,9
0314252,40806,28
0314260,40806,13
0314278,40806,12
0314286,40806,14
0314294,40806,19
0314302,40807,3
0314310,40807,3
0314336,40811,3
0314344,40807,5
0314351,40808,3
0472100,40304,24
0472118,40310,174
0472167,40514,7
0472191,40109,133
0472209,40101,154
0472233,40112,156
0472282,40122,123
0477570,40706,3
0477604,40112,292
0477646,40201,933
0477695,40125,5
0490714,40414,70
0492769,40129,827
0498782,40117,316
0498881,40117,237
0498972,40511,35
0500736,40508,64
0501189,40106,56
0501486,40108,251
0502922,40414,8
0515668,40102,308
0516666,40112,405
0516963,40112,498
0517169,40112,451
0517367,40104,163
0517565,40108,258
0517573,40125,15
0517979,40313,208
0518076,40305,131
0518241,40101,511
0518274,40402,69
0518373,40608,51
0518472,40802,118
0518670,40516,4
0525725,40112,422
0526319,40101,42
0528901,40101,11
0529008,40109,91
0541516,40112,239
0541615,40129,370
0541714,40129,63
0541813,40101,577
0541912,40101,403
0542019,40107,4
0542613,40208,187
0542712,40302,25
0542811,40410,1
0569566,40110,236
0569590,40101,169
0569749,40112,109
0569772,40106,5
0569806,40122,263
0569988,40102,378
0570010,40102,674
0570044,40101,431
0570101,40112,122
0579516,40118,76
0579565,40110,257
0579573,40110,485
0579599,40112,214
0579607,40109,370
0579615,40112,149
0579623,40109,608
0579631,40112,175
0579649,40122,247
0579656,40119,22
0579664,40116,243
0579672,40112,160
0579680,40129,400
0579698,40112,431
0579706,40112,82
0579714,40129,716
0579722,40114,46
0579730,40124,351
0579748,40107,294
0579763,40607,12
0579771,40703,205
0588962,40128,7
0589085,40104,197
0589200,40104,636
0589234,40104,330
0589382,40305,300
0589416,40308,33
0589440,40312,187
0589473,40407,56
0589531,40809,30
0589622,40505,4
0589747,40502,49
0589770,40504,93
0589804,40505,227
0589838,40507,36
0589861,40510,66
0591404,40606,167
0610659,40702,150
0610683,40122,106
0612051,40411,32
0612176,40409,109
0612291,40603,44
0612325,40607,2
0612382,40602,2
0612416,40607,1
0612440,40608,108
0612507,40810,153
0612655,40603,24
0612689,40406,3
0612713,40516,19
0612747,40505,1
0612770,40506,97
0612804,40404,28
0612853,40104,163
0612861,40504,12
0612887,40104,156
0612945,40104,234
0613067,40606,199
0613158,40310,142
0613182,40413,6
0617084,40101,245
0617183,40112,648
0617191,40112,150
0617209,40109,274
0617217,40112,205
0617233,40112,197
0617290,40122,419
0617407,40108,281
0617456,40121,401
0617464,40108,108
0617506,40701,195
0617530,40701,272
0617548,40705,142
0619056,40105,70
0619312,40520,740
0619320,40107,210
0619361,40124,133
0619387,40108,190
0635920,40114,5
0635987,40112,159
0636019,40109,969
0636217,40107,526
0636373,40412,6
0636464,40303,32
0636480,40102,89
0636514,40110,62
0636548,40126,58
0636589,40406,1
0636977,40603,14
0637181,40406,2
0637215,40515,7
0637249,40126,449
0637272,40409,375
0637306,40103,514
0637397,40702,4
0639187,40414,1
0655746,40104,581
0655761,40403,3
0655779,40128,661
0655787,40811,10
0655795,40128,310
0655811,40103,312
0655852,40129,386
0656041,40517,13
0656058,40517,1
0656066,40505,3
0656074,40505,1
0656082,40517,1
0656090,40203,194
0656116,40203,4
0656124,40208,61
0656132,40312,12
0656140,40603,8
0656157,40511,1
0656165,40104,650
0656173,40103,345
0678755,40103,264
0678771,40104,261
0678789,40104,59
0678805,40208,78
0678813,40206,43
0678839,40208,29
0678847,40201,148
0678896,40402,2
0678904,40505,11
0678920,40503,63
0678953,40514,7
0678961,40805,4
0679001,40207,88
0679019,40302,45
0679027,40401,283
0679035,40519,96
0679043,40519,42
0694950,40112,63
0694976,40104,181
0695015,40111,38
0695023,40114,3
0695122,40520,967
0695130,40520,323
0695148,40125,135
0695155,40520,434
0695205,40101,54
0695213,40101,138
0695221,40112,56
0695239,40101,7
0695254,40129,284
0695262,40112,495
0695270,40122,103
0695288,40129,278
0695296,40122,289
0695304,40129,71
0695312,40129,230
0695320,40108,610
0695346,40108,74
0698308,40520,416
0698761,40520,94
0699900,40112,333
0712265,40205,195
0712414,40306,25
0712562,40603,12
0712620,40604,33
0712711,40805,6
0712745,40803,61
0712778,40804,86
0723023,40402,1
0723155,40519,2
0723189,40513,30
0723197,40517,22
0723270,40103,424
0723288,40103,238
0723353,40107,104
0723452,40106,5
0723460,40129,265
0723486,40112,219
0723858,40129,422
0723866,40101,197
0735498,40409,9
0735522,40413,233
0736033,40805,5
0736090,40505,5
0736108,40505,3
0736116,40505,3
0736157,40515,53
0736165,40518,40
0745919,40106,48
0745935,40129,223
0745968,40520,454
0745976,40108,88
0745984,40702,29
0749325,40103,325
0749358,40104,246
0749366,40128,323
0750083,40123,294
0750125,40109,157
0752998,40129,14
0770040,40701,89
0770065,40804,6
0794198,40107,156
0794222,40104,24
0794248,40103,243
0794289,40101,46
0794412,40128,268
0794420,40104,252
0794438,40107,278
0794461,40122,208
0794552,40520,334
0796771,40401,24
0796862,40520,123
0796888,40404,12
0796920,40511,7
0796946,40517,13
0796953,40512,19
0796961,40514,62
0797191,40308,22
0844134,40502,5
0844159,40409,4
0844175,40507,4
0844233,40517,7
0844266,40520,141
0844274,40409,5
0844290,40520,299
0844316,40102,633
0844332,40404,23
0844340,40102,90
0844357,40520,40
0844365,40302,7
0844373,40102,101
0844381,40520,18
0844415,40520,289
0844423,40304,34
0844431,40102,79
0844449,40520,176
0844456,40309,268
0844472,40520,18
0844506,40520,143
0844514,40608,13
0844530,40520,128
0844563,40520,152
0844571,40206,5
0844589,40103,25
0844597,40520,86
0844647,40102,175
0844654,40520,382
0844670,40122,99
0844688,40520,8
0844712,40805,4
0844746,40806,10
0844753,40702,115
0844761,40122,135
0844803,40101,351
0844829,40112,86
0844837,40126,186
0844852,40129,168
0844902,40110,119
0844928,40128,393
0844969,40110,146
0844977,40112,431
0844985,40108,118
0845016,40520,28
0845032,40129,127
0845040,40121,36
0845065,40112,460
0845107,40103,383
0845115,40101,313
0845123,40123,96
0845131,40103,187
0845149,40101,144
0845164,40103,43
0845172,40101,89
0845180,40107,16
0845198,40103,193
0845206,40101,139
0845248,40107,118
0845271,40109,71
0845289,40413,4
0845297,40101,82
0845305,40109,96
0845339,40109,118
0845347,40401,283
0845354,40110,230
0845362,40109,145
0845370,40109,44
0845404,40109,73
0845461,40104,351
0845529,40104,348
0845552,40103,178
0845586,40104,69
0845701,40104,279
0891168,40401,62
0891341,40804,1
0891374,40804,5
0891408,40806,200
0891515,40606,33
0891556,40602,19
0891572,40208,12
0891580,40606,144
0891697,40201,190
0891721,40201,97
0891754,40206,36
0891762,40701,208
0891788,40201,625
0891812,40202,98
0891846,40206,86
0891879,40201,113
0891937,40201,285
0891994,40201,147
0892034,40520,68
0892091,40308,269
0892273,40506,54
0894246,40101,146
0894279,40129,136
0894311,40122,144
0894337,40112,124
0894378,40110,109
0894451,40107,161
0894485,40107,96
0894543,40109,228
0894550,40112,43
0894584,40129,143
0894642,40102,90
0894667,40109,56
0894675,40101,221
0894782,40109,4
0894816,40109,2
0894824,40117,79
0894915,40101,137
0895060,40107,241
0895201,40112,57
0895268,40129,58
0895292,40112,40
0895300,40109,35
0895342,40102,86
0895359,40112,79
0895409,40102,16
0895482,40102,469
0895490,40102,8
0895516,40112,125
0895581,40101,69
0895607,40112,257
0895623,40129,65
0895649,40129,84
0895680,40112,90
0895722,40129,218
0895755,40112,419
0895763,40104,9
0895771,40112,133
0895789,40112,48
0895797,40129,51
0895805,40129,56
0895813,40112,292
0895847,40119,26
0895862,40112,90
0895870,40122,126
0895904,40122,65
0895920,40129,92
0895938,40122,98
0895953,40122,259
0896217,40104,255
0896837,40105,39
0897553,40104,367
0897678,40104,254
0897702,40117,59
0897728,40104,277
0897744,40101,4
0897751,40104,103
0897819,40104,334
0897850,40511,2
0897884,40520,60
0897942,40520,314
0897983,40126,14
0898007,40520,311
0898031,40520,139
0898049,40128,328
0898064,40520,136
0898072,40108,60
0898098,40520,66
0898122,40520,13
0898247,40509,31
0898312,40104,150
0898338,40706,56
0898395,40311,134
0898437,40104,97
0898460,40104,125
0898486,40103,185
0898528,40104,82
0898544,40117,29
0898551,40101,491
0898619,40101,231
0898676,40101,305
0898825,40101,161
0898858,40101,112
0898908,40126,51
0898932,40126,123
0898965,40104,16
0899021,40520,265
0899039,40103,356
0899054,40520,220
0899062,40103,461
0899096,40103,190
0899112,40104,406
0899120,40117,230
0899153,40120,36
0899179,40108,5
0899187,40123,309
0899211,40126,129
0899237,40112,176
0899294,40107,213
0899302,40108,148
0899328,40111,79
0899336,40104,692
0899351,40406,5
0899369,40104,305
0899393,40104,129
0899419,40129,120
0899427,40104,57
1030170,40103,187
1030188,40103,170
1030204,40101,18
1030246,40117,94
1030295,40129,127
1030303,40129,149
1030394,40101,66
1030402,40101,132
1030410,40101,138
1030469,40122,75
1030485,40122,76
1030550,40107,45
1030659,40109,80
1030758,40129,170
1031004,40103,255
1031012,40112,26
1031285,40101,2
1031293,40101,5
1031376,40104,57
1031400,40520,82
1031442,40520,529
1031475,40203,122
1031483,40309,118
1031525,40302,216
1031574,40603,155
1031582,40122,245
1031608,40601,3
1031640,40102,325
1031673,40101,90
1031707,40112,102
1031731,40101,89
1031772,40129,73
1031780,40129,107
1032044,40102,85
1032135,40129,100
1032184,40112,301
1032226,40107,53
1032234,40129,44
1032333,40101,148
1032465,40101,586
1116094,40805,3
1116185,40123,87
1116300,40103,404
1116417,40101,64
1116771,40409,4
1116813,40104,194
1116854,40104,560
1117134,40117,34
1117332,40101,325
1117456,40110,198
1117530,40122,106
1117571,40122,117
1117654,40122,170
1117704,40505,54
1117738,40109,1
1117779,40102,108
1117894,40112,128
1117936,40122,343
1117944,40805,5
1117977,40122,226
1118017,40106,77
1118132,40104,315
1118173,40103,198
1118843,40112,117
1118884,40124,29
1118959,40110,123
1119072,40112,335
1119080,40122,15
1119247,40201,76
1119528,40109,235
1119718,40101,131
1119874,40103,50
1119916,40104,113
1119999,40129,190
1120088,40117,122
1120310,40109,143
1120443,40102,95
1120476,40129,100
1120484,40129,102
1120518,40101,59
1120526,40101,117
1120559,40128,188
1188200,40701,341
1202167,40103,547
1202241,40104,102
1202365,40122,21
1202399,40122,168
1202449,40104,181
1202480,40103,167
1202605,40516,24
1202795,40104,24
1203405,40520,18
1203561,40701,174
1203843,40126,25
1203926,40122,318
1203967,40101,26
1204163,40117,92
1236066,40107,269
1236108,40107,74
1236140,40109,295
1237106,40129,261
1237304,40102,328
1237346,40102,202
1238245,40401,27
1238286,40204,77
1238328,40201,102
1238401,40608,261
1238484,40520,181
1238518,40520,80
1238591,40103,207
1238831,40520,78
1238849,40104,148
1239128,40117,166
1239169,40124,142
1239201,40108,46
1239243,40701,131
1239284,40102,107
1239367,40101,27
1239482,40129,1
1239524,40112,73
1240001,40112,72
1240118,40101,16
1240126,40101,55
1240241,40103,113
1253186,40104,154
1253228,40104,157
1253269,40128,213
1253301,40104,378
1253467,40102,156
1253624,40401,226
1253749,40806,11
1253863,40102,197
1253905,40102,112
1253947,40102,75
1254028,40110,93
1254101,40109,56
1254226,40104,193
1254267,40104,167
1254663,40102,70
1254861,40112,109
1254903,40102,81
1255025,40101,9
1255066,40101,5
1259381,40122,280
1259985,40104,435
1260264,40123,105
1260348,40104,58
1260546,40104,75
1260629,40104,124
1260660,40104,83
1260942,40128,495
1261189,40104,486
1261304,40101,94
1261346,40104,308
1261387,40104,151
1261429,40108,60
1261684,40121,28
1261726,40121,16
1262120,40122,28
1262161,40104,90
1262328,40103,48
1262443,40520,263
1262484,40520,31
1262609,40103,40
1262807,40104,43
1263086,40107,125
1263409,40520,99
1263441,40520,101
1270214,40129,29
1270248,40112,19
1270537,40112,37
1270578,40122,51
1270693,40112,120
1270727,40110,159
1270768,40129,119
1270800,40112,43
1270883,40104,135
1270933,40109,14
1271006,40122,96
1271014,40122,104
1271162,40107,308
1271212,40107,22
1271535,40520,119
1271576,40520,9
1271618,40128,441
1271659,40108,78
1271691,40520,274
1271733,40309,260
1271840,40501,26
1271964,40109,178
1272004,40112,140
1272855,40128,358
1272897,40103,290
1273176,40104,349
1273655,40603,37
1273770,40307,203
1273861,40117,124
1273945,40102,69
1274273,40109,79
1274315,40109,73
1274398,40501,27
1276385,40104,397
1277060,40520,30
1277102,40520,29
1277227,40104,17
1277623,40107,123
1277664,40107,84
1278498,40101,163
1278530,40101,290
1278571,40128,199
1278977,40104,359
1279058,40101,72
1279132,40104,332
1279256,40103,213
1279298,40117,3
1279496,40101,97
1279538,40104,92
1279652,40104,57
1279736,40110,141
1279777,40110,141
1281211,40104,40
1281294,40103,88
1281419,40104,56
1281534,40128,32
1281930,40117,175
1281971,40117,332
1282292,40123,57
1303759,40101,82
1304468,40117,91
1305762,40103,94
1305770,40103,77
1308204,40103,175
1309608,40517,29
1311661,40520,43
1314376,40405,78
1315571,40102,34
1315589,40109,100
1315639,40301,147
1316587,40101,59
1323898,40103,403
1327824,40122,463
1328251,40101,86
1328277,40608,56
1328608,40102,5
1331693,40104,53
1333004,40108,72
1333046,40520,29
1333061,40103,250
1333129,40520,176
1333137,40520,132
1333178,40104,222
1333194,40103,231
1333202,40103,174
1333210,40520,258
1333236,40520,212
1333285,40103,114
1333400,40520,42
1333426,40104,93
1333483,40108,27
1333541,40104,42
1333665,40124,113
1333673,40101,108
1333681,40101,241
1333731,40104,245
1333848,40128,213
1333863,40104,120
1333905,40117,111
1334002,40520,234
1334150,40520,530
1334374,40103,143
1334390,40126,58
1334440,40101,80
1334465,40101,180
1334473,40104,341
1334499,40123,141
1334523,40101,288
1334614,40104,322
1334630,40103,421
1334663,40128,133
1334689,40101,66
1334804,40104,327
1334820,40104,445
1334903,40104,125
1334945,40104,52
1334952,40103,139
1334960,40103,21
1335017,40104,101
1335025,40104,99
1335033,40103,449
1335074,40101,13
1335124,40101,186
1335132,40101,431
1335181,40101,139
1335199,40101,230
1335223,40123,185
1335231,40123,95
1335256,40104,72
1335264,40101,199
1335272,40101,500
1335348,40520,100
1335355,40104,91
1335389,40103,160
1335413,40104,4
1336478,40701,184
1336767,40112,5
1336833,40112,50
1336866,40102,18
1336957,40112,102
1337021,40110,15
1337039,40101,33
1337062,40122,310
1337088,40122,258
1337146,40109,64
1337187,40128,9
1337211,40122,147
1337260,40106,44
1337286,40101,127
1337344,40112,37
1337369,40101,119
1337401,40109,58
1337468,40109,67
1337658,40107,54
1337732,40109,104
1337740,40109,86
1337781,40107,180
1337831,40109,74
1337864,40112,38
1337872,40112,37
1337898,40101,13
1337955,40110,110
1338003,40112,33
1338110,40112,10
1338136,40110,153
1338169,40122,125
1338185,40112,29
1338235,40107,220
1338243,40110,114
1338318,40129,129
1338425,40112,136
1338466,40126,75
1338532,40102,10
1338672,40110,38
1338680,40129,73
1338722,40102,44
1338730,40102,37
1338755,40110,61
1338763,40117,26
1338797,40122,114
1338920,40112,85
1338979,40129,153
1339001,40104,17
1339043,40101,36
1339050,40101,31
1339274,40102,28
1339381,40122,180
1339449,40107,31
1339472,40103,335
1339514,40107,141
1339555,40102,70
1339605,40102,124
1339647,40129,21
1339746,40102,69
1339779,40102,90
1339803,40122,19
1339829,40102,22
1339852,40107,40
1339878,40110,82
1339951,40107,55
1339969,40107,46
1339977,40101,115
1339985,40102,35
1340249,40117,83
1340272,40112,73
1340280,40102,158
1341312,40208,545
1341320,40204,248
1341379,40205,49
1341494,40520,113
1341502,40520,89
1341510,40108,118
1341528,40520,84
1341536,40520,122
1341551,40520,155
1342294,40409,148
1342336,40413,251
1342351,40402,2
1342567,40101,92
1343474,40102,123
1343490,40102,213
1343508,40520,49
1343771,40103,37
1344233,40702,70
1344258,40701,125
1344266,40702,35
1344381,40104,33
1344456,40107,97
1344464,40107,90
1344472,40105,110
1344506,40122,72
1344514,40122,26
1344597,40802,67
1344639,40805,98
1346659,40103,31
1346667,40104,316
1346857,40203,60
1349372,40201,132
1349380,40201,88
1351196,40104,45
1351634,40101,54
1351642,40101,100
1351774,40124,128
1354422,40101,76
1354695,40520,35
1354851,40112,8
1361880,40103,229
1363456,40104,93
1363464,40104,372
1364892,40117,279
1364991,40117,221
1365162,40104,159
1367176,40126,67
1367184,40126,82
1368208,40122,374
1368356,40112,25
1368372,40122,303
1368414,40122,104
1368430,40307,161
1368455,40303,47
1368463,40307,182
1369602,40104,83
1369628,40126,195
1369651,40104,211
1369701,40101,38
1369719,40101,21
1369917,40103,57
1370089,40101,41
1370097,40101,23
1370105,40205,91
1370139,40520,132
1371095,40104,658
1371103,40104,43
1371111,40104,66
1371368,40129,123
1371376,40129,38
1371392,40122,276
1371434,40110,178
1371442,40110,188
1371467,40102,46
1371483,40112,50
1371491,40109,7
1371509,40102,116
1371517,40129,55
1371533,40109,32
1371566,40101,8
1371608,40107,72
1371632,40520,46
1371640,40520,22
1372366,40117,39
1372390,40104,164
1373380,40129,6
1375450,40112,76
1379304,40108,149
1379312,40401,35
1379320,40404,43
1379338,40408,40
1379353,40401,40
1379361,40208,71
1379379,40206,61
1379387,40503,35
1380120,40404,117
1384833,40520,182
1385152,40104,50
1390848,40101,116
1390855,40101,157
1391929,40104,50
1392950,40104,128
1395367,40104,291
1402445,40109,344
1402452,40129,68
1402494,40102,69
1402528,40129,158
1402536,40409,132
1404375,40129,30
1406347,40103,123
1410935,40108,85
1414234,40308,117
1415959,40104,11
1415967,40103,120
1415975,40808,23
1415983,40804,48
1415991,40805,5
1419399,40112,81
1419415,40122,37
1419423,40102,29
1419456,40107,86
1420454,40122,99
1420470,40107,186
1420488,40101,62
1420496,40520,29
1422468,40520,237
1422492,40520,72
1422518,40520,299
1422534,40520,405
1424522,40307,86
1431865,40104,214
1434810,40101,115
1434836,40413,69
1435288,40101,122
1435510,40101,145
1435528,40101,59
1435577,40520,91
1436369,40101,79
1436427,40104,121
1436435,40701,44
1437573,40101,151
1437615,40109,49
1441757,40101,72
1442979,40208,291
1443787,40101,63
1443795,40101,103
1443860,40103,7
1454545,40109,21
1455047,40107,179
1455575,40110,91
1455583,40107,66
1457878,40205,111
1458918,40122,60
1463694,40112,127
1465756,40110,56
1465798,40107,56
1466218,40103,72
1470046,40101,137
1470582,40101,45
1470616,40125,105
1515303,40124,115
1515311,40124,170
1518554,40701,146
1518562,40704,113
1520576,40101,71
1520584,40101,137
1525245,40105,54
1525336,40129,74
1525344,40122,102
1526854,40117,25
1527001,40203,474
1527035,40208,283
1528827,40112,90
1528843,40101,5
1529767,40128,207
1531227,40126,52
1532860,40129,129
1532878,40122,154
1532886,40102,155
1532928,40109,111
1532936,40110,112
1535640,40520,129
1536952,40101,48
1536960,40101,61
1536986,40107,21
1537851,40104,24
1538511,40104,9
1540947,40104,224
1541531,40128,515
1544337,40104,10
1546415,40108,36
1548981,40104,329
1558840,40308,59
1562867,40104,98
1564145,40107,80
1567635,40101,151
1567643,40101,113
1567759,40122,86
1569482,40122,50
1569524,40107,63
1572338,40104,68
1572346,40104,70
1574029,40129,199
1574052,40109,61
1574946,40104,199
1575505,40520,2
1575992,40125,23
1576438,40101,10
1576776,40520,69
1576792,40520,2
1577584,40119,8
1577618,40109,78
1577626,40102,63
1577642,40129,140
1577675,40109,109
1577709,40107,26
1577717,40107,38
1583137,40124,188
1589282,40121,374
1598499,40104,39
1598515,40103,97
1598531,40101,13
1598564,40104,36
1607159,40520,302
1607183,40108,106
1607191,40108,10
1607217,40520,103
1607225,40520,93
1607241,40520,57
1607258,40108,51
1607316,40520,189
1607332,40108,158
1607340,40108,73
1607480,40520,73
1607498,40520,45
1607548,40520,191
1607563,40520,62
1607589,40108,169
1608413,40103,169
1608439,40104,119
1608454,40104,81
1615541,40126,138
1618909,40123,90
1618917,40123,21
1620186,40520,108
1620236,40122,134
1621101,40108,31
1622745,40104,80
1622760,40103,22
1622778,40104,252
1622794,40104,89
1622802,40104,130
1622828,40103,97
1622836,40103,111
1622844,40104,209
1624162,40101,51
1624170,40101,63
1624188,40307,176
1624196,40303,19
1624691,40104,132
1624709,40101,4
1625532,40603,37
1626522,40117,58
1626530,40108,5
1626928,40603,11
1627470,40129,63
1628213,40104,33
1628767,40104,66
1629542,40104,211
1629682,40520,78
1629856,40107,56
1630490,40103,24
1631092,40102,31
1631100,40129,108
1631126,40107,81
1631670,40108,47
1633247,40104,89
1633387,40104,318
1634187,40104,72
1634203,40608,106
1634252,40112,27
1635598,40104,55
1636083,40112,64
1636406,40104,22
1637107,40128,67
1637370,40123,269
1639087,40101,695
1639178,40128,134
1639442,40520,60
1639749,40203,179
1640507,40129,60
1640515,40203,320
1640895,40123,123
1640903,40123,130
1640929,40104,317
1640937,40104,263
1642107,40112,71
1642115,40112,84
1642149,40109,44
1642156,40109,98
1642255,40129,358
1642263,40129,315
1642289,40122,125
1642305,40104,33
1642867,40104,92
1643246,40128,348
1645001,40108,183
1645530,40110,113
1645548,40110,58
1645811,40203,70
1647130,40104,274
1649649,40109,87
1649656,40109,115
1651470,40104,219
1651488,40104,163
1651868,40104,17
1653591,40108,171
1653609,40520,383
1653617,40520,273
1653625,40520,139
1653633,40520,297
1654128,40112,39
1654136,40112,62
1654565,40203,287
1654573,40203,138
1654581,40208,222
1655109,40501,71
1656198,40413,34
1656206,40401,29
1656644,40122,55
1657832,40205,54
1658186,40701,144
1658194,40108,284
1658525,40104,161
1659101,40603,44
1659119,40108,63
1659812,40104,78
1660497,40409,13
1661149,40103,189
1662360,40701,246
1662949,40104,52
1663095,40102,82
1663459,40108,35
1663749,40104,63
1663871,40122,54
1664242,40129,4
1665330,40104,11
1665348,40122,2
1666650,40109,210
1667286,40122,96
1669936,40110,14
1672583,40104,332
1672591,40104,374
1672617,40104,44
1672625,40104,68
1673060,40104,88
1673078,40104,145
1673086,40104,152
1673094,40103,141
1673102,40104,157
1674340,40104,162
1679760,40101,87
1686823,40203,155
1691625,40110,108
1692052,40128,93
1692060,40128,70
1692078,40203,71
1692425,40520,389
1693266,40102,167
1693886,40104,63
1694108,40108,117
1694116,40108,92
1694603,40520,85
1694991,40704,135
1695048,40103,10
1695352,40110,72
1695360,40110,96
1695394,40109,72
1695402,40109,126
1696475,40104,291
1696996,40101,66
1697002,40101,102
1697333,40104,89
1697341,40703,159
1697796,40110,20
1697853,40122,106
1698158,40308,6
1698307,40117,78
1698570,40128,123
1698786,40129,23
1699248,40123,64
1699297,40129,615
1699305,40129,530
1699313,40112,2
1699503,40104,27
1699636,40109,37
1700079,40122,26
1700087,40112,75
1700095,40112,18
1700574,40128,81
1701648,40103,24
1701655,40208,291
1702661,40104,55
1702943,40129,90
1703693,40104,18
1703701,40104,29
1704055,40104,35
1704667,40112,14
1705060,40104,179
1705409,40103,7
1705433,40104,230
1705441,40104,105
1705508,40104,98
1717461,40104,106
1717479,40103,61
1717487,40128,320
1717495,40406,29
1717628,40520,302
1719749,40104,44
1719764,40108,187
1719772,40108,174
1719780,40108,6
1720028,40104,286
1720101,40104,64
1720309,40101,137
1720556,40101,300
1720564,40101,862
1720739,40104,75
1721018,40112,297
1721026,40112,351
1721513,40103,11
1721547,40104,2
1721570,40112,166
1721588,40112,207
1721638,40102,235
1722149,40104,4
1722156,40104,13
1722180,40520,82
1723196,40110,1
1723923,40308,71
1726975,40520,68
1726983,40520,70
1728146,40112,120
1728542,40102,15
1730878,40104,69
1731132,40122,15
1731355,40104,159
1731785,40122,17
1732429,40104,95
1734029,40101,36
1734037,40101,113
1734052,40112,217
1734060,40112,171
1734854,40129,58
1739309,40109,141
1744226,40506,125
1747195,40108,172
1748516,40103,4
1748714,40108,35
1748722,40108,94
1749373,40203,123
1749456,40128,54
1749506,40108,139
1749894,40520,36
1749902,40520,192
1749910,40121,276
1750843,40128,205
1750850,40128,276
1751049,40103,101
1751056,40103,174
1751312,40104,90
1751320,40104,13
1751411,40122,21
1751437,40308,22
1751833,40104,702
1751841,40104,573
1751866,40104,209
1752609,40104,396
1752880,40110,135
1753185,40112,41
1753227,40409,87
1753235,40409,55
1753847,40104,131
1753862,40112,80
1754498,40104,98
1754506,40608,66
1755172,40128,106
1755180,40128,257
1755511,40102,85
1755529,40102,158
1755842,40104,203
1755867,40104,287
1755883,40104,62
1756220,40128,36
1756394,40104,163
1756568,40520,65
1757186,40109,36
1757228,40102,59
1757756,40104,128
1759117,40608,150
1759950,40101,156
1759968,40101,185
1760305,40101,194
1761170,40104,75
1761188,40104,57
1761428,40520,101
1761659,40126,44
1761667,40117,120
1761675,40104,6
1763176,40101,7
1763382,40303,136
1763507,40106,55
1763697,40128,235
1764315,40104,126
1764364,40107,214
1764380,40701,34
1764844,40109,149
1765544,40109,37
1766765,40102,3
1767136,40520,40
1767441,40122,48
1767755,40104,75
1768142,40117,345
1768159,40117,306
1768506,40104,60
1768696,40104,246
1769041,40128,102
1769181,40112,129
1769215,40112,54
1769496,40104,10
1769603,40128,59
1769769,40520,175
1770080,40107,54
1770247,40104,196
1770254,40104,174
1770270,40112,10
1770437,40104,7
1770569,40112,1
1770692,40112,71
1770858,40104,30
1772961,40128,90
1772995,40105,106
1773258,40203,176
1773266,40703,39
1773274,40703,17
1773712,40704,103
1774009,40122,61
1774116,40129,2
1775774,40128,106
1776129,40104,54
1776137,40104,1
1776145,40703,19
1776590,40208,98
1777051,40104,33
1777069,40104,24
1777077,40102,57
1777820,40112,116
1780220,40101,3
1780857,40104,138
1780865,40104,213
1781244,40109,21
1782846,40102,136
1782853,40203,45
1783083,40112,174
1783653,40104,101
1784107,40104,103
1784115,40104,107
1784461,40104,52
1784487,40109,27
1786052,40122,51
1787407,40108,98
1788843,40128,166
1789387,40109,37
1789676,40110,361
1789684,40110,293
1789874,40105,64
1790104,40112,52
1790161,40112,90
1790344,40123,145
1790500,40104,24
1790690,40122,157
1790732,40520,2
1790997,40105,61
1791110,40126,35
1791169,40104,91
1794346,40104,30
1794577,40128,146
1794940,40312,28
1794957,40304,32
1795210,40104,159
1796192,40104,153
1796275,40122,16
1796564,40104,156
1797067,40112,124
1797398,40104,108
1797919,40520,73
1798354,40104,127
1798362,40104,27
1798487,40104,172
1798495,40103,24
1798669,40128,37
1798677,40520,94
1799105,40104,90
1799295,40104,27
1799303,40112,9
1799741,40122,42
1799774,40104,34
1799782,40106,18
1799857,40128,51
1800820,40203,13
1800838,40128,50
1801216,40103,8
1801398,40203,41
1801430,40129,192
1801901,40520,28
1801919,40122,14
1802016,40109,58
1802024,40109,26
1802123,40112,38
3000619,40101,386
3000791,40110,116
3000908,40107,2
3001088,40104,48
3008083,40104,26
3014404,40105,92
3014412,40105,98
3017183,40119,2
3018751,40206,47
3020609,40101,1
3020617,40101,1
3025855,40105,84
3025863,40105,76
3026705,40104,54
3028412,40104,55
3028677,40110,8
3029535,40804,1
3029766,40411,7
3029782,40109,73
3029790,40109,61
3039377,40303,38
3039872,40101,217
3039914,40606,91
3040623,40104,27
3041225,40128,32
3042520,40104,2
3042579,40128,35
3042678,40104,173
3042769,40801,17
3043007,40128,21
3043015,40104,27
3043502,40403,7
3043858,40104,1
3044534,40128,18
3044633,40128,22
3046091,40413,10
3046844,40520,28
3047594,40124,10
3047750,40104,112
3047768,40104,103
3047818,40104,2
3048287,40103,14
3048592,40108,20
3049376,40123,6
3049384,40123,2
3050150,40105,5
3050168,40105,9
3050341,40104,81
3051091,40104,76
3051109,40104,65
